model_name,device,dtype,input_length,max_new_tokens,quant_bits,trial,total_time_sec,generated_tokens,tokens_per_sec,peak_memory_mb,prefill_sec,decode_sec,ttft_sec,oom
TinyLlama/TinyLlama-1.1B-Chat-v1.0,cuda,float16,256,32,8,1,2.0174437829998624,32,15.861656354268872,2160.0869140625,0.04442763399993055,1.9730161489999318,0.04442763399993055,False
TinyLlama/TinyLlama-1.1B-Chat-v1.0,cuda,float16,256,32,8,2,1.97190778900017,32,16.227939348130057,2160.0869140625,0.043002386000125625,1.9289054030000443,0.043002386000125625,False
TinyLlama/TinyLlama-1.1B-Chat-v1.0,cuda,float16,256,32,8,3,1.9887865140001395,32,16.090213692990556,2160.0869140625,0.04377845400017577,1.9450080599999637,0.04377845400017577,False
TinyLlama/TinyLlama-1.1B-Chat-v1.0,cuda,float16,256,32,4,1,4.603023033999989,32,6.951953045560206,2158.7119140625,0.052805998999929216,4.55021703500006,0.052805998999929216,False
TinyLlama/TinyLlama-1.1B-Chat-v1.0,cuda,float16,256,32,4,2,4.666224199999988,32,6.857793073894753,2158.7119140625,0.05544681900005344,4.610777380999934,0.05544681900005344,False
TinyLlama/TinyLlama-1.1B-Chat-v1.0,cuda,float16,256,32,4,3,4.6559632619998865,32,6.872906464097607,2158.7119140625,0.06190196299985473,4.594061299000032,0.06190196299985473,False
TinyLlama/TinyLlama-1.1B-Chat-v1.0,cuda,float16,256,32,3,1,1.9966505410002355,32,16.02684062278088,2160.0869140625,0.04232721100015624,1.9543233300000793,0.04232721100015624,False
TinyLlama/TinyLlama-1.1B-Chat-v1.0,cuda,float16,256,32,3,2,2.0011140599999635,32,15.99109248175518,2160.0869140625,0.04208538900002168,1.9590286709999418,0.04208538900002168,False
TinyLlama/TinyLlama-1.1B-Chat-v1.0,cuda,float16,256,32,3,3,1.9718065879999358,32,16.228772230880203,2160.0869140625,0.04120416099999602,1.9306024269999398,0.04120416099999602,False
TinyLlama/TinyLlama-1.1B-Chat-v1.0,cuda,float16,512,32,8,1,2.0012459600000057,32,15.990038525799152,2210.3408203125,0.052812755000104517,1.9484332049999011,0.052812755000104517,False
TinyLlama/TinyLlama-1.1B-Chat-v1.0,cuda,float16,512,32,8,2,1.9769525030001205,32,16.186529494987088,2210.3408203125,0.054486035000081756,1.9224664680000387,0.054486035000081756,False
TinyLlama/TinyLlama-1.1B-Chat-v1.0,cuda,float16,512,32,8,3,1.9912200290000328,32,16.070549479190415,2210.3408203125,0.05503429300006246,1.9361857359999703,0.05503429300006246,False
TinyLlama/TinyLlama-1.1B-Chat-v1.0,cuda,float16,512,32,4,1,4.647522304999939,32,6.885389224614044,2207.5908203125,0.058299454000007245,4.589222850999931,0.058299454000007245,False
TinyLlama/TinyLlama-1.1B-Chat-v1.0,cuda,float16,512,32,4,2,4.694665118999865,32,6.816247631911426,2207.5908203125,0.082950831999824,4.611714287000041,0.082950831999824,False
TinyLlama/TinyLlama-1.1B-Chat-v1.0,cuda,float16,512,32,4,3,4.656431267000016,32,6.872215687318957,2207.5908203125,0.08256236299985176,4.5738689040001645,0.08256236299985176,False
TinyLlama/TinyLlama-1.1B-Chat-v1.0,cuda,float16,512,32,3,1,1.9944063650000317,32,16.04487458602725,2210.3408203125,0.057331082000018796,1.9370752830000129,0.057331082000018796,False
TinyLlama/TinyLlama-1.1B-Chat-v1.0,cuda,float16,512,32,3,2,1.9889226119996692,32,16.089112671823415,2210.3408203125,0.055148886999859315,1.93377372499981,0.055148886999859315,False
TinyLlama/TinyLlama-1.1B-Chat-v1.0,cuda,float16,512,32,3,3,2.0019782560000294,32,15.984189590518474,2210.3408203125,0.05568797099999756,1.9462902850000319,0.05568797099999756,False
TinyLlama/TinyLlama-1.1B-Chat-v1.0,cuda,float16,1024,32,8,1,2.068144059999895,32,15.472809955028772,2311.8486328125,0.11913260200003606,1.949011457999859,0.11913260200003606,False
TinyLlama/TinyLlama-1.1B-Chat-v1.0,cuda,float16,1024,32,8,2,2.047743933999982,32,15.626953872837248,2311.8486328125,0.1207089750000705,1.9270349589999114,0.1207089750000705,False
TinyLlama/TinyLlama-1.1B-Chat-v1.0,cuda,float16,1024,32,8,3,2.047244168000134,32,15.630768669503377,2311.8486328125,0.11897058099998503,1.9282735870001488,0.11897058099998503,False
TinyLlama/TinyLlama-1.1B-Chat-v1.0,cuda,float16,1024,32,4,1,4.6843315540002095,32,6.831284171734905,2306.3486328125,0.12213803300005566,4.562193521000154,0.12213803300005566,False
TinyLlama/TinyLlama-1.1B-Chat-v1.0,cuda,float16,1024,32,4,2,4.705659591000085,32,6.8003219062429245,2306.3486328125,0.14368398200008414,4.561975609000001,0.14368398200008414,False
TinyLlama/TinyLlama-1.1B-Chat-v1.0,cuda,float16,1024,32,4,3,4.727958899999749,32,6.768248344967994,2306.3486328125,0.13302546899990375,4.594933430999845,0.13302546899990375,False
TinyLlama/TinyLlama-1.1B-Chat-v1.0,cuda,float16,1024,32,3,1,2.088034285000049,32,15.325418854412753,2311.8486328125,0.11836501800007682,1.969669266999972,0.11836501800007682,False
TinyLlama/TinyLlama-1.1B-Chat-v1.0,cuda,float16,1024,32,3,2,2.0745306329997675,32,15.425175936654192,2311.8486328125,0.12101322799981062,1.9535174049999569,0.12101322799981062,False
TinyLlama/TinyLlama-1.1B-Chat-v1.0,cuda,float16,1024,32,3,3,2.08791609900004,32,15.326286346144691,2311.8486328125,0.11906620099989595,1.968849898000144,0.11906620099989595,False
TinyLlama/TinyLlama-1.1B-Chat-v1.0,cuda,float16,2048,32,8,1,2.2074901590001446,32,14.496100863477464,2514.3642578125,0.252831125000057,1.9546590340000876,0.252831125000057,False
TinyLlama/TinyLlama-1.1B-Chat-v1.0,cuda,float16,2048,32,8,2,2.1919077290001496,32,14.599154689142399,2514.3642578125,0.2548030600000857,1.937104669000064,0.2548030600000857,False
TinyLlama/TinyLlama-1.1B-Chat-v1.0,cuda,float16,2048,32,8,3,2.205694523999682,32,14.507902001757254,2514.3642578125,0.25340847499978736,1.9522860489998948,0.25340847499978736,False
TinyLlama/TinyLlama-1.1B-Chat-v1.0,cuda,float16,2048,32,4,1,4.8642605909999475,32,6.578594917222918,2503.3642578125,0.26024851499983015,4.604012076000117,0.26024851499983015,False
TinyLlama/TinyLlama-1.1B-Chat-v1.0,cuda,float16,2048,32,4,2,4.8422184139999445,32,6.6085412230643685,2503.3642578125,0.26875298799996017,4.573465425999984,0.26875298799996017,False
TinyLlama/TinyLlama-1.1B-Chat-v1.0,cuda,float16,2048,32,4,3,4.843345598999804,32,6.607003226573032,2503.3642578125,0.26586250299988023,4.5774830959999235,0.26586250299988023,False
TinyLlama/TinyLlama-1.1B-Chat-v1.0,cuda,float16,2048,32,3,1,2.305888709000101,32,13.877512767680845,2514.3642578125,0.25416384499999367,2.051724864000107,0.25416384499999367,False
TinyLlama/TinyLlama-1.1B-Chat-v1.0,cuda,float16,2048,32,3,2,2.2169328289999157,32,14.434357045646518,2514.3642578125,0.25204646999986835,1.9648863590000474,0.25204646999986835,False
TinyLlama/TinyLlama-1.1B-Chat-v1.0,cuda,float16,2048,32,3,3,2.231664563000095,32,14.339072515889853,2514.3642578125,0.25196526800004904,1.9796992950000458,0.25196526800004904,False
TinyLlama/TinyLlama-1.1B-Chat-v1.0,cuda,float16,256,32,8,1,2.1804587850000416,32,14.67581053131412,14.972886460849029,2160.0869140625,0.0432623210000429,2.1371964639999987,0.0432623210000429,False
TinyLlama/TinyLlama-1.1B-Chat-v1.0,cuda,float16,256,32,8,2,2.035508945999993,32,15.720883989669337,16.043840049637218,2160.0869140625,0.0409739780000109,1.9945349679999822,0.0409739780000109,False
TinyLlama/TinyLlama-1.1B-Chat-v1.0,cuda,float16,256,32,8,3,2.4203091840000184,32,13.221451297025594,13.442815080876777,2160.0869140625,0.039855402000000595,2.380453782000018,0.039855402000000595,False
TinyLlama/TinyLlama-1.1B-Chat-v1.0,cuda,float16,256,32,4,1,4.706075537000061,32,6.799720860494039,6.875730072270747,2158.7119140625,0.052024307000010594,4.65405123000005,0.052024307000010594,False
TinyLlama/TinyLlama-1.1B-Chat-v1.0,cuda,float16,256,32,4,2,4.495586297999978,32,7.118092697772556,7.210232637060978,2158.7119140625,0.05744933199997604,4.438136966000002,0.05744933199997604,False
TinyLlama/TinyLlama-1.1B-Chat-v1.0,cuda,float16,256,32,4,3,4.344995127000004,32,7.364795371380394,7.464381397783273,2158.7119140625,0.05796874200001412,4.28702638499999,0.05796874200001412,False
TinyLlama/TinyLlama-1.1B-Chat-v1.0,cuda,float16,256,32,3,1,2.1135970770000654,32,15.140066358068212,15.437172008576951,2160.0869140625,0.040678541000033874,2.0729185360000315,0.040678541000033874,False
TinyLlama/TinyLlama-1.1B-Chat-v1.0,cuda,float16,256,32,3,2,1.9145367369999917,32,16.714226152767807,17.13389147616624,2160.0869140625,0.046893297999986316,1.8676434390000054,0.046893297999986316,False
TinyLlama/TinyLlama-1.1B-Chat-v1.0,cuda,float16,256,32,3,3,1.9188888170000382,32,16.676317938018066,17.046128145968623,2160.0869140625,0.041629669000030844,1.8772591480000074,0.041629669000030844,False
TinyLlama/TinyLlama-1.1B-Chat-v1.0,cuda,float16,512,32,8,1,1.9890634500000033,32,16.087973463088847,16.546178780254692,2210.3408203125,0.05508217099998092,1.9339812790000224,0.05508217099998092,False
TinyLlama/TinyLlama-1.1B-Chat-v1.0,cuda,float16,512,32,8,2,2.1033021310000777,32,15.214171815051909,15.632612815281805,2210.3408203125,0.05629947200003471,2.047002659000043,0.05629947200003471,False
TinyLlama/TinyLlama-1.1B-Chat-v1.0,cuda,float16,512,32,8,3,2.2379912359999707,32,14.298536779435546,14.665517645357541,2210.3408203125,0.05600211199998739,2.1819891239999833,0.05600211199998739,False
TinyLlama/TinyLlama-1.1B-Chat-v1.0,cuda,float16,512,32,4,1,5.272869042000025,32,6.068802343678584,6.151958540125761,2207.5908203125,0.07127351899998757,5.201595523000037,0.07127351899998757,False
TinyLlama/TinyLlama-1.1B-Chat-v1.0,cuda,float16,512,32,4,2,5.3034472929999765,32,6.0338112612596,6.149333490298179,2207.5908203125,0.09963129400000525,5.203815998999971,0.09963129400000525,False
TinyLlama/TinyLlama-1.1B-Chat-v1.0,cuda,float16,512,32,4,3,4.597711218999962,32,6.959984756711243,7.1022245221217934,2207.5908203125,0.09208063799997035,4.505630580999991,0.09208063799997035,False
TinyLlama/TinyLlama-1.1B-Chat-v1.0,cuda,float16,512,32,3,1,1.9648717520000218,32,16.286050205275508,16.780864636997403,2210.3408203125,0.057937831000003825,1.906933921000018,0.057937831000003825,False
TinyLlama/TinyLlama-1.1B-Chat-v1.0,cuda,float16,512,32,3,2,2.0038607280000065,32,15.969173682014441,16.423266138427785,2210.3408203125,0.05540542500000356,1.948455303000003,0.05540542500000356,False
TinyLlama/TinyLlama-1.1B-Chat-v1.0,cuda,float16,512,32,3,3,2.089370556999995,32,15.315617372318545,15.73846759643218,2210.3408203125,0.05613575799998216,2.033234799000013,0.05613575799998216,False
TinyLlama/TinyLlama-1.1B-Chat-v1.0,cuda,float16,1024,32,8,1,2.0045688069999983,32,15.963532849685826,17.01178493368234,2311.8486328125,0.12351986799995984,1.8810489390000384,0.12351986799995984,False
TinyLlama/TinyLlama-1.1B-Chat-v1.0,cuda,float16,1024,32,8,2,1.9909047220000389,32,16.073094631998856,17.09957854011464,2311.8486328125,0.11951356899999155,1.8713911530000473,0.11951356899999155,False
TinyLlama/TinyLlama-1.1B-Chat-v1.0,cuda,float16,1024,32,8,3,2.0540817529999913,32,15.578737288943794,16.580256337799266,2311.8486328125,0.12407540399999561,1.9300063489999957,0.12407540399999561,False
TinyLlama/TinyLlama-1.1B-Chat-v1.0,cuda,float16,1024,32,4,1,4.4931571209999674,32,7.121941017917996,7.337232794971876,2306.3486328125,0.1318398649999608,4.361317256000007,0.1318398649999608,False
TinyLlama/TinyLlama-1.1B-Chat-v1.0,cuda,float16,1024,32,4,2,4.961540386999957,32,6.44960990015222,6.631286818744896,2306.3486328125,0.13593098799998415,4.825609398999973,0.13593098799998415,False
TinyLlama/TinyLlama-1.1B-Chat-v1.0,cuda,float16,1024,32,4,3,4.557320650000065,32,7.021669629500295,7.268528055748437,2306.3486328125,0.15477865600001905,4.402541994000046,0.15477865600001905,False
TinyLlama/TinyLlama-1.1B-Chat-v1.0,cuda,float16,1024,32,3,1,2.036831946999996,32,15.710672668470307,16.778140633032457,2311.8486328125,0.1295884269999874,1.9072435200000086,0.1295884269999874,False
TinyLlama/TinyLlama-1.1B-Chat-v1.0,cuda,float16,1024,32,3,2,1.949789838000072,32,16.412025222586486,17.322502202811577,2311.8486328125,0.10248165900003414,1.8473081790000379,0.10248165900003414,False
TinyLlama/TinyLlama-1.1B-Chat-v1.0,cuda,float16,1024,32,3,3,2.1548835560000157,32,14.849990344443357,15.757478593023498,2311.8486328125,0.12410180300003049,2.030781752999985,0.12410180300003049,False
TinyLlama/TinyLlama-1.1B-Chat-v1.0,cuda,float16,2048,32,8,1,2.17825639900002,32,14.690648912905917,16.669746237322773,2514.3642578125,0.258611099999996,1.919645299000024,0.258611099999996,False
TinyLlama/TinyLlama-1.1B-Chat-v1.0,cuda,float16,2048,32,8,2,2.109163894000062,32,15.171888771199995,17.321962686028204,2514.3642578125,0.2617981780000491,1.847365716000013,0.2617981780000491,False
TinyLlama/TinyLlama-1.1B-Chat-v1.0,cuda,float16,2048,32,8,3,2.1264456619999237,32,15.048585802989189,17.159356983019062,2514.3642578125,0.26157391699996424,1.8648717449999594,0.26157391699996424,False
TinyLlama/TinyLlama-1.1B-Chat-v1.0,cuda,float16,2048,32,4,1,4.671260962999895,32,6.8503986939427,7.262906146546128,2503.3642578125,0.2653111469999203,4.405949815999975,0.2653111469999203,False
TinyLlama/TinyLlama-1.1B-Chat-v1.0,cuda,float16,2048,32,4,2,4.754455077999978,32,6.730529466577946,7.140719683181569,2503.3642578125,0.27311406199999055,4.481341015999988,0.27311406199999055,False
TinyLlama/TinyLlama-1.1B-Chat-v1.0,cuda,float16,2048,32,4,3,5.122161326000082,32,6.24736277585949,6.597273534993893,2503.3642578125,0.27167273700001715,4.850488589000065,0.27167273700001715,False
TinyLlama/TinyLlama-1.1B-Chat-v1.0,cuda,float16,2048,32,3,1,2.324077213999999,32,13.768905700393832,15.514944716923766,2514.3642578125,0.2615497230000301,2.062527490999969,0.2615497230000301,False
TinyLlama/TinyLlama-1.1B-Chat-v1.0,cuda,float16,2048,32,3,2,2.2350301259999696,32,14.317480389971458,16.12322731923952,2514.3642578125,0.25031581500002176,1.9847143109999479,0.25031581500002176,False
TinyLlama/TinyLlama-1.1B-Chat-v1.0,cuda,float16,2048,32,3,3,2.299687099000039,32,13.914936520674658,15.752979435581143,2514.3642578125,0.26832534100003613,2.0313617580000027,0.26832534100003613,False
TinyLlama/TinyLlama-1.1B-Chat-v1.0,cuda,float16,256,32,8,1,1.8668194619999667,32,17.14145403525934,17.52672829076793,2160.0869140625,0.041036608000013075,1.8257828539999537,0.041036608000013075,False
TinyLlama/TinyLlama-1.1B-Chat-v1.0,cuda,float16,256,32,8,2,2.3808771719998276,32,13.440424552906048,13.751661417718028,2160.0869140625,0.053885615999888614,2.326991555999939,0.053885615999888614,False
TinyLlama/TinyLlama-1.1B-Chat-v1.0,cuda,float16,256,32,8,3,2.089098855000202,32,15.317609276080383,15.623825512483153,2160.0869140625,0.04094490100010262,2.0481539540000995,0.04094490100010262,False
TinyLlama/TinyLlama-1.1B-Chat-v1.0,cuda,float16,256,32,4,1,4.893509003999952,32,6.539274776820317,6.607186194237429,2158.7119140625,0.05029752799987364,4.843211476000079,0.05029752799987364,False
TinyLlama/TinyLlama-1.1B-Chat-v1.0,cuda,float16,256,32,4,2,5.0480034069998965,32,6.339139937113885,6.413510654083991,2158.7119140625,0.05853636999995615,4.98946703699994,0.05853636999995615,False
TinyLlama/TinyLlama-1.1B-Chat-v1.0,cuda,float16,256,32,4,3,4.647451805000173,32,6.885493673236447,6.980396185766067,2158.7119140625,0.06318478800017147,4.584267017000002,0.06318478800017147,False
TinyLlama/TinyLlama-1.1B-Chat-v1.0,cuda,float16,256,32,3,1,2.2301832919999924,32,14.348596420208546,14.615083373571093,2160.0869140625,0.0406644789998154,2.189518813000177,0.0406644789998154,False
TinyLlama/TinyLlama-1.1B-Chat-v1.0,cuda,float16,256,32,3,2,2.4042825839999296,32,13.309583579298987,13.60341952421414,2160.0869140625,0.05193287199995211,2.3523497119999774,0.05193287199995211,False
TinyLlama/TinyLlama-1.1B-Chat-v1.0,cuda,float16,256,32,3,3,1.9237144809999336,32,16.634485167136976,16.98910906420863,2160.0869140625,0.04015484999990804,1.8835596310000255,0.04015484999990804,False
TinyLlama/TinyLlama-1.1B-Chat-v1.0,cuda,float16,512,32,8,1,2.1448826830001053,32,14.919230899491778,15.329149378057306,2210.3408203125,0.057356545000175174,2.08752613799993,0.057356545000175174,False
TinyLlama/TinyLlama-1.1B-Chat-v1.0,cuda,float16,512,32,8,2,2.1203273739997712,32,15.092009088971679,15.501185747218498,2210.3408203125,0.05596916799981955,2.0643582059999517,0.05596916799981955,False
TinyLlama/TinyLlama-1.1B-Chat-v1.0,cuda,float16,512,32,8,3,2.161476058000062,32,14.804697873733785,15.202802280094254,2210.3408203125,0.05660095600001114,2.104875102000051,0.05660095600001114,False
TinyLlama/TinyLlama-1.1B-Chat-v1.0,cuda,float16,512,32,4,1,4.950359341999956,32,6.464177201946703,6.538264927727114,2207.5908203125,0.05609452499993495,4.894264817000021,0.05609452499993495,False
TinyLlama/TinyLlama-1.1B-Chat-v1.0,cuda,float16,512,32,4,2,4.450524632999759,32,7.190163551219633,7.331120065589354,2207.5908203125,0.08557088599991403,4.364953746999845,0.08557088599991403,False
TinyLlama/TinyLlama-1.1B-Chat-v1.0,cuda,float16,512,32,4,3,4.823874956000282,32,6.633671123708567,6.749822525545021,2207.5908203125,0.08300956600010068,4.740865390000181,0.08300956600010068,False
TinyLlama/TinyLlama-1.1B-Chat-v1.0,cuda,float16,512,32,3,1,2.0523257250001734,32,15.592066897664257,16.08728201510286,2210.3408203125,0.06317678300001717,1.9891489420001562,0.06317678300001717,False
TinyLlama/TinyLlama-1.1B-Chat-v1.0,cuda,float16,512,32,3,2,2.2534554409999146,32,14.20041391446409,14.575340964093666,2210.3408203125,0.057966492999867114,2.1954889480000475,0.057966492999867114,False
TinyLlama/TinyLlama-1.1B-Chat-v1.0,cuda,float16,512,32,3,3,2.33039785699998,32,13.731560859395467,14.080653801929355,2210.3408203125,0.05777611300004537,2.2726217439999346,0.05777611300004537,False
TinyLlama/TinyLlama-1.1B-Chat-v1.0,cuda,float16,1024,32,8,1,1.9329341269999532,32,16.555142543665575,17.64768892712545,2311.8486328125,0.11966553799993562,1.8132685890000175,0.11966553799993562,False
TinyLlama/TinyLlama-1.1B-Chat-v1.0,cuda,float16,1024,32,8,2,2.0428725270000996,32,15.664217701821608,16.6763147138012,2311.8486328125,0.1239833390000058,1.9188891880000938,0.1239833390000058,False
TinyLlama/TinyLlama-1.1B-Chat-v1.0,cuda,float16,1024,32,8,3,2.2352802059999703,32,14.315878570438352,15.172180300442774,2311.8486328125,0.12615683900003205,2.1091233669999383,0.12615683900003205,False
TinyLlama/TinyLlama-1.1B-Chat-v1.0,cuda,float16,1024,32,4,1,4.845073758999888,32,6.6046466146276765,6.782680582998123,2306.3486328125,0.1271750449998308,4.717898714000057,0.1271750449998308,False
TinyLlama/TinyLlama-1.1B-Chat-v1.0,cuda,float16,1024,32,4,2,4.577358040999798,32,6.990932261224311,7.221500394392198,2306.3486328125,0.1461459309998645,4.431212109999933,0.1461459309998645,False
TinyLlama/TinyLlama-1.1B-Chat-v1.0,cuda,float16,1024,32,4,3,4.9516513320002105,32,6.46249056212802,6.6479994111798835,2306.3486328125,0.13817316800009394,4.8134781640001165,0.13817316800009394,False
TinyLlama/TinyLlama-1.1B-Chat-v1.0,cuda,float16,1024,32,3,1,2.1277251710000655,32,15.039536325529992,16.00043743595882,2311.8486328125,0.12777984900003503,1.9999453220000305,0.12777984900003503,False
TinyLlama/TinyLlama-1.1B-Chat-v1.0,cuda,float16,1024,32,3,2,2.165787985999941,32,14.77522278581929,15.666810924050795,2311.8486328125,0.12325360199997704,2.042534383999964,0.12325360199997704,False
TinyLlama/TinyLlama-1.1B-Chat-v1.0,cuda,float16,1024,32,3,3,2.4198893689997476,32,13.223745023197933,13.755561650836798,2311.8486328125,0.09355760499988719,2.3263317639998604,0.09355760499988719,False
TinyLlama/TinyLlama-1.1B-Chat-v1.0,cuda,float16,2048,32,8,1,2.0726821349999227,32,15.438932704459862,17.68900859355533,2514.3642578125,0.26364915099998143,1.8090329839999413,0.26364915099998143,False
TinyLlama/TinyLlama-1.1B-Chat-v1.0,cuda,float16,2048,32,8,2,2.0946287389999725,32,15.277170318630112,17.498181595804077,2514.3642578125,0.2658672860000024,1.82876145299997,0.2658672860000024,False
TinyLlama/TinyLlama-1.1B-Chat-v1.0,cuda,float16,2048,32,8,3,2.1039117180002904,32,15.209763663665084,17.483921908345245,2514.3642578125,0.27365874800011625,1.8302529700001742,0.27365874800011625,False
TinyLlama/TinyLlama-1.1B-Chat-v1.0,cuda,float16,2048,32,4,1,5.428093002999958,32,5.89525639710198,6.179775209510283,2503.3642578125,0.24991112499992596,5.178181878000032,0.24991112499992596,False
TinyLlama/TinyLlama-1.1B-Chat-v1.0,cuda,float16,2048,32,4,2,4.890279235000207,32,6.543593619557114,6.954328201905349,2503.3642578125,0.2888283010001942,4.601450934000013,0.2888283010001942,False
TinyLlama/TinyLlama-1.1B-Chat-v1.0,cuda,float16,2048,32,4,3,4.859704061999992,32,6.584763103214669,6.9853248865425055,2503.3642578125,0.27867160899995724,4.581032453000034,0.27867160899995724,False
TinyLlama/TinyLlama-1.1B-Chat-v1.0,cuda,float16,2048,32,3,1,2.497549634000279,32,12.812558182776208,14.187725436222847,2514.3642578125,0.24207886500016684,2.2554707690001123,0.24207886500016684,False
TinyLlama/TinyLlama-1.1B-Chat-v1.0,cuda,float16,2048,32,3,2,2.286006092999969,32,13.998212908525451,15.864702957531877,2514.3642578125,0.26894973299999947,2.0170563599999696,0.26894973299999947,False
TinyLlama/TinyLlama-1.1B-Chat-v1.0,cuda,float16,2048,32,3,3,2.255132906999961,32,14.189851028589754,16.133041148027175,2514.3642578125,0.2716259100000116,1.9835069969999495,0.2716259100000116,False
TinyLlama/TinyLlama-1.1B-Chat-v1.0,cuda,float16,256,32,8,1,2.04040523499998,32,15.683159134808,16.037418713830235,2160.0869140625,0.04507166100006543,1.9953335739999147,0.04507166100006543,False
TinyLlama/TinyLlama-1.1B-Chat-v1.0,cuda,float16,256,32,8,2,1.9993830250000428,32,16.00493732310212,16.349769498931956,2160.0869140625,0.04216888800010565,1.9572141369999372,0.04216888800010565,False
TinyLlama/TinyLlama-1.1B-Chat-v1.0,cuda,float16,256,32,8,3,1.9021584150002582,32,16.822994208921163,17.189962243858268,2160.0869140625,0.04060691500012581,1.8615515000001324,0.04060691500012581,False
TinyLlama/TinyLlama-1.1B-Chat-v1.0,cuda,float16,256,32,4,1,4.408588305000194,32,7.258559381402386,7.34648291912341,2158.7119140625,0.052762483000151406,4.3558258220000425,0.052762483000151406,False
TinyLlama/TinyLlama-1.1B-Chat-v1.0,cuda,float16,256,32,4,2,4.945967074000009,32,6.469917717046238,6.540215573104223,2158.7119140625,0.0531619910000245,4.892805082999985,0.0531619910000245,False
TinyLlama/TinyLlama-1.1B-Chat-v1.0,cuda,float16,256,32,4,3,4.829211605999944,32,6.626340407250394,6.715939733972485,2158.7119140625,0.06442793199994412,4.764783674,0.06442793199994412,False
TinyLlama/TinyLlama-1.1B-Chat-v1.0,cuda,float16,256,32,3,1,2.1563124809999863,32,14.840149691643974,15.231347149306474,2160.0869140625,0.05538209799988181,2.1009303830001045,0.05538209799988181,False
TinyLlama/TinyLlama-1.1B-Chat-v1.0,cuda,float16,256,32,3,2,1.91764916000011,32,16.687098280270497,17.072475797359168,2160.0869140625,0.04328715299993746,1.8743620070001725,0.04328715299993746,False
TinyLlama/TinyLlama-1.1B-Chat-v1.0,cuda,float16,256,32,3,3,2.076393441999926,32,15.411337443436764,15.716075841276487,2160.0869140625,0.04026175600006354,2.0361316859998624,0.04026175600006354,False
TinyLlama/TinyLlama-1.1B-Chat-v1.0,cuda,float16,512,32,8,1,2.040362517999938,32,15.68348747719986,16.120365700833897,2210.3408203125,0.05529588900003546,1.9850666289999026,0.05529588900003546,False
TinyLlama/TinyLlama-1.1B-Chat-v1.0,cuda,float16,512,32,8,2,2.0926396140000634,32,15.291691787690219,15.714725982679692,2210.3408203125,0.05633302900014314,2.0363065849999202,0.05633302900014314,False
TinyLlama/TinyLlama-1.1B-Chat-v1.0,cuda,float16,512,32,8,3,2.1344344310002725,32,14.992261900968142,15.399485090399702,2210.3408203125,0.056442874000140364,2.077991557000132,0.056442874000140364,False
TinyLlama/TinyLlama-1.1B-Chat-v1.0,cuda,float16,512,32,4,1,4.917824383999914,32,6.506942399999406,6.585084115803698,2207.5908203125,0.05835722500000884,4.859467158999905,0.05835722500000884,False
TinyLlama/TinyLlama-1.1B-Chat-v1.0,cuda,float16,512,32,4,2,4.973014132000117,32,6.4347293513782535,6.547266832187191,2207.5908203125,0.08547849000001406,4.887535642000103,0.08547849000001406,False
TinyLlama/TinyLlama-1.1B-Chat-v1.0,cuda,float16,512,32,4,3,5.105525787000033,32,6.267718808017802,6.387225622846224,2207.5908203125,0.09552584500011108,5.009999941999922,0.09552584500011108,False
TinyLlama/TinyLlama-1.1B-Chat-v1.0,cuda,float16,512,32,3,1,2.1009653850001087,32,15.231093395666937,15.688860449299309,2210.3408203125,0.06130163100010577,2.039663754000003,0.06130163100010577,False
TinyLlama/TinyLlama-1.1B-Chat-v1.0,cuda,float16,512,32,3,2,2.232836561000113,32,14.331546051748113,14.706673242142175,2210.3408203125,0.05695358100001613,2.1758829800000967,0.05695358100001613,False
TinyLlama/TinyLlama-1.1B-Chat-v1.0,cuda,float16,512,32,3,3,1.960997688000134,32,16.318224236477434,16.812390027431437,2210.3408203125,0.05763951300014014,1.903358174999994,0.05763951300014014,False
TinyLlama/TinyLlama-1.1B-Chat-v1.0,cuda,float16,1024,32,8,1,2.293335610999975,32,13.953474513940362,14.793310915630745,2311.8486328125,0.130195785000069,2.163139825999906,0.130195785000069,False
TinyLlama/TinyLlama-1.1B-Chat-v1.0,cuda,float16,1024,32,8,2,2.264743726000006,32,14.129634021116575,14.996623027621432,2311.8486328125,0.13093000399999255,2.1338137220000135,0.13093000399999255,False
TinyLlama/TinyLlama-1.1B-Chat-v1.0,cuda,float16,1024,32,8,3,1.9575303480000912,32,16.347128427762446,17.442764921916442,2311.8486328125,0.12295881400018516,1.834571533999906,0.12295881400018516,False
TinyLlama/TinyLlama-1.1B-Chat-v1.0,cuda,float16,1024,32,4,1,5.359416437999926,32,5.970799315595271,6.12138736081139,2306.3486328125,0.13184332199989512,5.2275731160000305,0.13184332199989512,False
TinyLlama/TinyLlama-1.1B-Chat-v1.0,cuda,float16,1024,32,4,2,4.725165292000156,32,6.772249862703627,7.000541126515216,2306.3486328125,0.15409008200003882,4.571075210000117,0.15409008200003882,False
TinyLlama/TinyLlama-1.1B-Chat-v1.0,cuda,float16,1024,32,4,3,4.869354926999904,32,6.571712368421616,6.777590870742279,2306.3486328125,0.14791325099986352,4.72144167600004,0.14791325099986352,False
TinyLlama/TinyLlama-1.1B-Chat-v1.0,cuda,float16,1024,32,3,1,2.1790706629999477,32,14.685159386224441,15.551145249683186,2311.8486328125,0.12134439999999813,2.0577262629999495,0.12134439999999813,False
TinyLlama/TinyLlama-1.1B-Chat-v1.0,cuda,float16,1024,32,3,2,2.1858947189998617,32,14.639314383192865,15.51868296545808,2311.8486328125,0.12386406399991756,2.062030654999944,0.12386406399991756,False
TinyLlama/TinyLlama-1.1B-Chat-v1.0,cuda,float16,1024,32,3,3,2.085151327000176,32,15.346607982662402,16.275204703205308,2311.8486328125,0.11897022000016477,1.9661811070000113,0.11897022000016477,False
TinyLlama/TinyLlama-1.1B-Chat-v1.0,cuda,float16,2048,32,8,1,2.578427430000147,32,12.41066536435279,13.808283775502996,2514.3642578125,0.2609779540000545,2.3174494760000925,0.2609779540000545,False
TinyLlama/TinyLlama-1.1B-Chat-v1.0,cuda,float16,2048,32,8,2,2.2809143360000235,32,14.029461560629022,15.858896569961415,2514.3642578125,0.2631194749999395,2.017794861000084,0.2631194749999395,False
TinyLlama/TinyLlama-1.1B-Chat-v1.0,cuda,float16,2048,32,8,3,2.507223217999808,32,12.7631236701488,14.266596772172868,2514.3642578125,0.264221574999965,2.243001642999843,0.264221574999965,False
TinyLlama/TinyLlama-1.1B-Chat-v1.0,cuda,float16,2048,32,4,1,5.017798506999952,32,6.377298720815356,6.725941113375014,2503.3642578125,0.2600999989999764,4.757698507999976,0.2600999989999764,False
TinyLlama/TinyLlama-1.1B-Chat-v1.0,cuda,float16,2048,32,4,2,5.316632731999789,32,6.018847193901162,6.341939151332633,2503.3642578125,0.2708574199998566,5.0457753119999325,0.2708574199998566,False
TinyLlama/TinyLlama-1.1B-Chat-v1.0,cuda,float16,2048,32,4,3,4.885658824000075,32,6.549781954238136,6.947532847443972,2503.3642578125,0.279707228999996,4.605951595000079,0.279707228999996,False
TinyLlama/TinyLlama-1.1B-Chat-v1.0,cuda,float16,2048,32,3,1,2.279291665000301,32,14.039449400608314,15.867631535422017,2514.3642578125,0.2626075790001323,2.0166840860001685,0.2626075790001323,False
TinyLlama/TinyLlama-1.1B-Chat-v1.0,cuda,float16,2048,32,3,2,2.1926426550000997,32,14.594261370874657,16.615214694779407,2514.3642578125,0.2666970330001277,1.925945621999972,0.2666970330001277,False
TinyLlama/TinyLlama-1.1B-Chat-v1.0,cuda,float16,2048,32,3,3,2.1730835579999166,32,14.725618755982152,16.779417139941636,2514.3642578125,0.2659851329999583,1.9070984249999583,0.2659851329999583,False
